{
	"infile" :" ../data/20_1250_distances.csv",
	"n_elems" : 1250,
	"n_proc" : 320,
	"k" : 20,
	"n_iter" : 24,
	"time" : 4.28983,
	"times" : [1.42429, 0.537471, 3.75236],
	"result" : [28, 104, 188, 274, 327, 389, 480, 517, 558, 607, 624, 700, 749, 861, 892, 940, 1053, 1094, 1178, 1217]
}
