{
	"infile" :" ../data/20_1000_distances.csv",
	"n_elems" : 1000,
	"n_proc" : 224,
	"k" : 20,
	"n_iter" : 21,
	"time" : 2.78279,
	"times" : [0.925589, 0.365508, 2.41728],
	"result" : [28, 92, 152, 226, 266, 317, 396, 421, 450, 499, 503, 567, 603, 662, 720, 768, 837, 883, 921, 987]
}
