{
	"infile" :" ../data/20_1250_distances.csv",
	"n_elems" : 1250,
	"n_proc" : 16,
	"k" : 20,
	"n_iter" : 11,
	"time" : 25.3332,
	"times" : [1.35141, 0.0720448, 25.2611],
	"result" : [28, 104, 135, 168, 188, 274, 327, 389, 480, 517, 624, 700, 749, 861, 892, 940, 1053, 1094, 1178, 1217]
}
