{
	"infile" :" ../data/20_1750_distances.csv",
	"n_elems" : 1750,
	"n_proc" : 320,
	"k" : 20,
	"n_iter" : 20,
	"time" : 7.42514,
	"times" : [2.76152, 0.60484, 6.8203],
	"result" : [28, 129, 239, 324, 374, 508, 530, 655, 712, 874, 975, 1049, 1186, 1227, 1320, 1361, 1435, 1561, 1595, 1738]
}
