{
	"infile" :" ../data/20_1250_distances.csv",
	"n_elems" : 1250,
	"n_proc" : 32,
	"k" : 20,
	"n_iter" : 16,
	"time" : 18.7087,
	"times" : [1.42608, 0.089128, 18.6196],
	"result" : [28, 104, 135, 168, 188, 274, 327, 389, 480, 517, 624, 700, 749, 861, 892, 940, 1053, 1094, 1178, 1217]
}
