{
	"infile" :" ../data/20_1000_distances.csv",
	"n_elems" : 1000,
	"n_proc" : 48,
	"k" : 20,
	"n_iter" : 17,
	"time" : 7.83887,
	"times" : [0.87271, 0.0995588, 7.73931],
	"result" : [28, 92, 152, 226, 266, 317, 396, 421, 450, 499, 503, 567, 603, 662, 720, 768, 837, 883, 921, 987]
}
