{
	"infile" :" ../data/20_1500_distances.csv",
	"n_elems" : 1500,
	"n_proc" : 128,
	"k" : 20,
	"n_iter" : 20,
	"time" : 9.55412,
	"times" : [1.93681, 0.226399, 9.32772],
	"result" : [28, 117, 156, 211, 288, 326, 448, 458, 571, 616, 754, 842, 903, 1027, 1055, 1191, 1255, 1308, 1371, 1455]
}
