{
	"infile" :" ../data/20_1750_distances.csv",
	"n_elems" : 1750,
	"n_proc" : 224,
	"k" : 20,
	"n_iter" : 20,
	"time" : 8.43851,
	"times" : [2.72354, 0.414011, 8.0245],
	"result" : [28, 129, 257, 324, 374, 508, 530, 655, 712, 823, 874, 975, 1049, 1186, 1227, 1376, 1435, 1561, 1595, 1738]
}
