{
	"infile" :" ../data/20_1500_distances.csv",
	"n_elems" : 1500,
	"n_proc" : 50,
	"k" : 20,
	"n_iter" : 18,
	"time" : 20.5273,
	"times" : [2.03423, 0.114007, 20.4133],
	"result" : [28, 117, 150, 213, 288, 326, 448, 458, 571, 616, 754, 842, 903, 1027, 1055, 1191, 1255, 1308, 1371, 1455]
}
