{
	"infile" :" ../data/20_1250_distances.csv",
	"n_elems" : 1250,
	"n_proc" : 50,
	"k" : 20,
	"n_iter" : 22,
	"time" : 17.1089,
	"times" : [1.42196, 0.109936, 16.999],
	"result" : [28, 104, 188, 274, 327, 389, 480, 517, 558, 607, 624, 700, 749, 861, 892, 940, 1053, 1094, 1178, 1217]
}
