{
	"infile" :" ../data/20_1500_distances.csv",
	"n_elems" : 1500,
	"n_proc" : 48,
	"k" : 20,
	"n_iter" : 17,
	"time" : 20.603,
	"times" : [1.95757, 0.110739, 20.4922],
	"result" : [28, 117, 150, 213, 288, 326, 448, 458, 571, 616, 754, 842, 903, 1027, 1055, 1191, 1255, 1308, 1371, 1455]
}
