{
	"infile" :" ../data/20_1750_distances.csv",
	"n_elems" : 1750,
	"n_proc" : 16,
	"k" : 20,
	"n_iter" : 14,
	"time" : 71.5507,
	"times" : [2.62876, 0.101173, 71.4496],
	"result" : [28, 129, 210, 237, 324, 374, 508, 530, 655, 712, 874, 975, 1049, 1186, 1227, 1376, 1435, 1561, 1595, 1738]
}
