{
	"infile" :" ../data/20_1000_distances.csv",
	"n_elems" : 1000,
	"n_proc" : 8,
	"k" : 20,
	"n_iter" : 9,
	"time" : 23.0983,
	"times" : [0.870152, 0.0860848, 23.0122],
	"result" : [28, 92, 152, 226, 266, 317, 396, 421, 450, 499, 503, 567, 603, 662, 720, 768, 837, 883, 921, 987]
}
