{
	"infile" :" ../data/20_1000_distances.csv",
	"n_elems" : 1000,
	"n_proc" : 64,
	"k" : 20,
	"n_iter" : 18,
	"time" : 6.45145,
	"times" : [0.875417, 0.121839, 6.32961],
	"result" : [28, 92, 152, 226, 266, 317, 396, 421, 450, 499, 503, 567, 603, 662, 720, 768, 837, 883, 921, 987]
}
