{
	"infile" :" ../data/20_1500_distances.csv",
	"n_elems" : 1500,
	"n_proc" : 512,
	"k" : 20,
	"n_iter" : 21,
	"time" : 4.70497,
	"times" : [2.01815, 0.854255, 3.85071],
	"result" : [28, 117, 161, 194, 288, 326, 448, 458, 571, 616, 754, 842, 903, 1027, 1055, 1191, 1255, 1308, 1371, 1455]
}
