{
	"infile" :" ../data/20_1000_distances.csv",
	"n_elems" : 1000,
	"n_proc" : 101,
	"k" : 20,
	"n_iter" : 18,
	"time" : 4.39699,
	"times" : [0.925656, 0.173056, 4.22393],
	"result" : [28, 92, 152, 226, 266, 317, 396, 421, 450, 499, 503, 567, 603, 662, 720, 768, 837, 883, 921, 987]
}
