{
	"infile" :" ../data/20_1000_distances.csv",
	"n_elems" : 1000,
	"n_proc" : 448,
	"k" : 20,
	"n_iter" : 25,
	"time" : 2.9438,
	"times" : [0.897834, 0.729921, 2.21388],
	"result" : [28, 92, 152, 226, 266, 317, 396, 421, 450, 499, 503, 567, 603, 662, 720, 768, 837, 883, 921, 987]
}
