{
	"infile" :" ../data/20_1250_distances.csv",
	"n_elems" : 1250,
	"n_proc" : 8,
	"k" : 20,
	"n_iter" : 13,
	"time" : 60.7684,
	"times" : [1.39117, 0.115693, 60.6527],
	"result" : [28, 104, 135, 168, 188, 274, 327, 389, 480, 517, 624, 700, 749, 861, 892, 940, 1053, 1094, 1178, 1217]
}
