{
	"infile" :" ../data/20_1750_distances.csv",
	"n_elems" : 1750,
	"n_proc" : 160,
	"k" : 20,
	"n_iter" : 18,
	"time" : 11.1555,
	"times" : [2.80756, 0.293305, 10.8622],
	"result" : [28, 129, 193, 324, 374, 508, 530, 655, 712, 783, 874, 975, 1049, 1186, 1227, 1376, 1435, 1561, 1595, 1738]
}
