{
	"infile" :" ../data/20_1750_distances.csv",
	"n_elems" : 1750,
	"n_proc" : 51,
	"k" : 20,
	"n_iter" : 16,
	"time" : 26.3105,
	"times" : [2.78904, 0.11635, 26.1942],
	"result" : [28, 129, 210, 237, 324, 374, 508, 530, 655, 712, 874, 975, 1049, 1186, 1227, 1376, 1435, 1561, 1595, 1738]
}
