{
	"infile" :" ../data/20_1000_distances.csv",
	"n_elems" : 1000,
	"n_proc" : 99,
	"k" : 20,
	"n_iter" : 19,
	"time" : 4.54287,
	"times" : [0.965282, 0.169083, 4.37379],
	"result" : [28, 92, 152, 226, 266, 317, 396, 421, 450, 499, 503, 567, 603, 662, 720, 768, 837, 883, 921, 987]
}
