{
	"infile" :" ../data/20_1750_distances.csv",
	"n_elems" : 1750,
	"n_proc" : 32,
	"k" : 20,
	"n_iter" : 14,
	"time" : 35.8726,
	"times" : [2.71813, 0.100814, 35.7718],
	"result" : [28, 129, 257, 324, 374, 508, 530, 655, 712, 823, 874, 975, 1049, 1186, 1227, 1376, 1435, 1561, 1595, 1738]
}
