{
	"infile" :" ../data/20_1500_distances.csv",
	"n_elems" : 1500,
	"n_proc" : 384,
	"k" : 20,
	"n_iter" : 20,
	"time" : 4.82296,
	"times" : [1.99692, 0.641265, 4.18169],
	"result" : [28, 117, 215, 288, 326, 448, 458, 571, 616, 754, 842, 903, 1027, 1055, 1176, 1186, 1255, 1308, 1371, 1455]
}
