{
	"infile" :" ../data/20_1000_distances.csv",
	"n_elems" : 1000,
	"n_proc" : 256,
	"k" : 20,
	"n_iter" : 21,
	"time" : 2.64228,
	"times" : [0.926272, 0.418997, 2.22328],
	"result" : [28, 92, 152, 226, 266, 317, 396, 421, 450, 499, 503, 567, 603, 662, 720, 768, 837, 883, 921, 987]
}
