{
	"infile" :" ../data/20_1250_distances.csv",
	"n_elems" : 1250,
	"n_proc" : 448,
	"k" : 20,
	"n_iter" : 21,
	"time" : 3.68159,
	"times" : [1.40577, 0.743773, 2.93782],
	"result" : [28, 104, 135, 168, 188, 274, 327, 389, 480, 517, 624, 700, 749, 861, 892, 940, 1053, 1094, 1178, 1217]
}
