{
	"infile" :" ../data/20_1750_distances.csv",
	"n_elems" : 1750,
	"n_proc" : 192,
	"k" : 20,
	"n_iter" : 19,
	"time" : 10.0237,
	"times" : [2.89126, 0.350039, 9.67363],
	"result" : [28, 129, 210, 237, 324, 374, 508, 530, 655, 712, 874, 975, 1049, 1186, 1227, 1376, 1435, 1561, 1595, 1738]
}
