{
	"infile" :" ../data/20_1750_distances.csv",
	"n_elems" : 1750,
	"n_proc" : 99,
	"k" : 20,
	"n_iter" : 20,
	"time" : 17.3035,
	"times" : [2.75639, 0.190638, 17.1128],
	"result" : [28, 129, 210, 237, 324, 374, 508, 530, 655, 712, 874, 975, 1049, 1186, 1227, 1376, 1435, 1561, 1595, 1738]
}
