{
	"infile" :" ../data/20_1500_distances.csv",
	"n_elems" : 1500,
	"n_proc" : 32,
	"k" : 20,
	"n_iter" : 15,
	"time" : 26.656,
	"times" : [2.04252, 0.0920081, 26.564],
	"result" : [28, 117, 156, 211, 288, 326, 448, 458, 571, 616, 754, 842, 903, 1027, 1055, 1191, 1255, 1308, 1371, 1455]
}
