{
	"infile" :" ../data/20_1250_distances.csv",
	"n_elems" : 1250,
	"n_proc" : 48,
	"k" : 20,
	"n_iter" : 19,
	"time" : 15.19,
	"times" : [1.36221, 0.104937, 15.085],
	"result" : [28, 104, 188, 274, 327, 389, 480, 517, 558, 607, 624, 700, 749, 861, 892, 940, 1053, 1094, 1178, 1217]
}
