{
	"infile" :" ../data/20_1500_distances.csv",
	"n_elems" : 1500,
	"n_proc" : 101,
	"k" : 20,
	"n_iter" : 19,
	"time" : 11.3413,
	"times" : [2.02403, 0.182525, 11.1587],
	"result" : [28, 117, 156, 211, 288, 326, 448, 458, 571, 616, 754, 842, 903, 1027, 1055, 1191, 1255, 1308, 1371, 1455]
}
