{
	"infile" :" ../data/20_1000_distances.csv",
	"n_elems" : 1000,
	"n_proc" : 51,
	"k" : 20,
	"n_iter" : 14,
	"time" : 6.08229,
	"times" : [0.932862, 0.102811, 5.97948],
	"result" : [28, 92, 152, 226, 266, 317, 396, 421, 450, 499, 503, 567, 603, 662, 720, 768, 837, 883, 921, 987]
}
