{
	"infile" :" ../data/20_1000_distances.csv",
	"n_elems" : 1000,
	"n_proc" : 16,
	"k" : 20,
	"n_iter" : 12,
	"time" : 15.3492,
	"times" : [0.866848, 0.063926, 15.2853],
	"result" : [28, 92, 152, 226, 266, 317, 396, 421, 450, 499, 503, 567, 603, 662, 720, 768, 837, 883, 921, 987]
}
