{
	"infile" :" ../data/20_1500_distances.csv",
	"n_elems" : 1500,
	"n_proc" : 16,
	"k" : 20,
	"n_iter" : 11,
	"time" : 39.2192,
	"times" : [1.93389, 0.0825372, 39.1366],
	"result" : [28, 117, 161, 194, 288, 326, 448, 458, 571, 616, 754, 842, 903, 1027, 1055, 1191, 1255, 1308, 1371, 1455]
}
