{
	"infile" :" ../data/20_1000_distances.csv",
	"n_elems" : 1000,
	"n_proc" : 32,
	"k" : 20,
	"n_iter" : 10,
	"time" : 6.86525,
	"times" : [0.928804, 0.08058, 6.78467],
	"result" : [28, 92, 152, 226, 266, 317, 396, 421, 450, 499, 503, 567, 603, 662, 720, 768, 837, 883, 921, 987]
}
