{
	"infile" :" ../data/20_1000_distances.csv",
	"n_elems" : 1000,
	"n_proc" : 320,
	"k" : 20,
	"n_iter" : 22,
	"time" : 2.74027,
	"times" : [0.932594, 0.532805, 2.20746],
	"result" : [28, 92, 152, 226, 266, 317, 396, 421, 450, 499, 503, 567, 603, 662, 720, 768, 837, 883, 921, 987]
}
