{
	"infile" :" ../data/20_1250_distances.csv",
	"n_elems" : 1250,
	"n_proc" : 192,
	"k" : 20,
	"n_iter" : 20,
	"time" : 4.95295,
	"times" : [1.4326, 0.326558, 4.6264],
	"result" : [28, 104, 181, 188, 274, 327, 389, 480, 517, 624, 700, 749, 861, 892, 945, 986, 1053, 1094, 1178, 1217]
}
