{
	"infile" :" ../data/20_1000_distances.csv",
	"n_elems" : 1000,
	"n_proc" : 128,
	"k" : 20,
	"n_iter" : 19,
	"time" : 3.60116,
	"times" : [0.867069, 0.210939, 3.39022],
	"result" : [28, 92, 152, 226, 266, 317, 396, 421, 450, 499, 503, 567, 603, 662, 720, 768, 837, 883, 921, 987]
}
