{
	"infile" :" ../data/20_1250_distances.csv",
	"n_elems" : 1250,
	"n_proc" : 128,
	"k" : 20,
	"n_iter" : 21,
	"time" : 6.68055,
	"times" : [1.34964, 0.218361, 6.46219],
	"result" : [28, 104, 188, 274, 327, 389, 480, 517, 558, 607, 624, 700, 749, 861, 892, 940, 1053, 1094, 1178, 1217]
}
