{
	"infile" :" ../data/20_1500_distances.csv",
	"n_elems" : 1500,
	"n_proc" : 448,
	"k" : 20,
	"n_iter" : 20,
	"time" : 4.6332,
	"times" : [2.01748, 0.743658, 3.88954],
	"result" : [28, 117, 204, 288, 326, 448, 458, 571, 616, 714, 754, 842, 903, 1027, 1055, 1191, 1255, 1308, 1371, 1455]
}
