{
	"infile" :" ../data/20_1000_distances.csv",
	"n_elems" : 1000,
	"n_proc" : 50,
	"k" : 20,
	"n_iter" : 13,
	"time" : 5.9813,
	"times" : [0.920371, 0.100602, 5.8807],
	"result" : [28, 92, 152, 226, 266, 317, 396, 421, 450, 499, 503, 567, 603, 662, 720, 768, 837, 883, 921, 987]
}
