{
	"infile" :" ../data/20_1000_distances.csv",
	"n_elems" : 1000,
	"n_proc" : 384,
	"k" : 20,
	"n_iter" : 23,
	"time" : 2.85826,
	"times" : [0.902365, 0.640755, 2.21751],
	"result" : [28, 92, 152, 226, 266, 317, 396, 421, 450, 499, 503, 567, 603, 662, 720, 768, 837, 883, 921, 987]
}
