{
	"infile" :" ../data/20_1500_distances.csv",
	"n_elems" : 1500,
	"n_proc" : 100,
	"k" : 20,
	"n_iter" : 18,
	"time" : 10.8188,
	"times" : [2.31388, 0.181893, 10.6369],
	"result" : [28, 117, 150, 213, 288, 326, 448, 458, 571, 616, 754, 842, 903, 1027, 1055, 1191, 1255, 1308, 1371, 1455]
}
