{
	"infile" :" ../data/20_1750_distances.csv",
	"n_elems" : 1750,
	"n_proc" : 50,
	"k" : 20,
	"n_iter" : 18,
	"time" : 29.8188,
	"times" : [2.72361, 0.116444, 29.7023],
	"result" : [28, 129, 210, 237, 324, 374, 508, 530, 655, 712, 874, 975, 1049, 1186, 1227, 1376, 1435, 1561, 1595, 1738]
}
