{
	"infile" :" ../data/20_1500_distances.csv",
	"n_elems" : 1500,
	"n_proc" : 320,
	"k" : 20,
	"n_iter" : 22,
	"time" : 5.59626,
	"times" : [1.99336, 0.537736, 5.05853],
	"result" : [28, 117, 156, 211, 288, 326, 448, 458, 571, 616, 754, 842, 903, 1027, 1055, 1191, 1255, 1308, 1371, 1455]
}
