{
	"infile" :" ../data/20_1750_distances.csv",
	"n_elems" : 1750,
	"n_proc" : 448,
	"k" : 20,
	"n_iter" : 21,
	"time" : 6.35483,
	"times" : [2.73665, 0.846935, 5.5079],
	"result" : [28, 129, 257, 324, 374, 508, 530, 655, 712, 823, 874, 975, 1049, 1186, 1227, 1376, 1435, 1561, 1595, 1738]
}
