{
	"infile" :" ../data/20_1250_distances.csv",
	"n_elems" : 1250,
	"n_proc" : 101,
	"k" : 20,
	"n_iter" : 24,
	"time" : 9.66643,
	"times" : [1.42904, 0.178116, 9.48831],
	"result" : [28, 104, 188, 274, 327, 389, 480, 517, 558, 607, 624, 700, 749, 861, 892, 940, 1053, 1094, 1178, 1217]
}
