{
	"infile" :" ../data/20_1750_distances.csv",
	"n_elems" : 1750,
	"n_proc" : 512,
	"k" : 20,
	"n_iter" : 20,
	"time" : 5.79955,
	"times" : [2.7444, 0.960003, 4.83955],
	"result" : [28, 129, 228, 324, 374, 508, 530, 655, 712, 822, 874, 975, 1049, 1186, 1227, 1376, 1435, 1561, 1595, 1738]
}
