{
	"infile" :" ../data/20_1500_distances.csv",
	"n_elems" : 1500,
	"n_proc" : 51,
	"k" : 20,
	"n_iter" : 16,
	"time" : 18.003,
	"times" : [2.04154, 0.116594, 17.8864],
	"result" : [28, 117, 161, 194, 288, 326, 448, 458, 571, 616, 754, 842, 903, 1027, 1055, 1191, 1255, 1308, 1371, 1455]
}
