{
	"infile" :" ../data/20_1250_distances.csv",
	"n_elems" : 1250,
	"n_proc" : 64,
	"k" : 20,
	"n_iter" : 18,
	"time" : 11.1116,
	"times" : [1.35545, 0.127061, 10.9846],
	"result" : [28, 104, 135, 168, 188, 274, 327, 389, 480, 517, 624, 700, 749, 861, 892, 940, 1053, 1094, 1178, 1217]
}
