{
	"infile" :" ../data/20_1250_distances.csv",
	"n_elems" : 1250,
	"n_proc" : 512,
	"k" : 20,
	"n_iter" : 21,
	"time" : 3.65301,
	"times" : [1.42278, 0.851838, 2.80117],
	"result" : [28, 104, 135, 168, 188, 274, 327, 389, 480, 517, 624, 700, 749, 861, 892, 940, 1053, 1094, 1178, 1217]
}
