{
	"infile" :" ../data/20_1000_distances.csv",
	"n_elems" : 1000,
	"n_proc" : 100,
	"k" : 20,
	"n_iter" : 18,
	"time" : 4.16054,
	"times" : [0.928786, 0.171109, 3.98943],
	"result" : [28, 92, 152, 226, 266, 317, 396, 421, 450, 499, 503, 567, 603, 662, 720, 768, 837, 883, 921, 987]
}
