{
	"infile" :" ../data/20_1250_distances.csv",
	"n_elems" : 1250,
	"n_proc" : 224,
	"k" : 20,
	"n_iter" : 19,
	"time" : 4.01399,
	"times" : [1.42814, 0.367353, 3.64664],
	"result" : [28, 104, 181, 188, 274, 327, 389, 480, 517, 624, 700, 749, 861, 892, 945, 986, 1053, 1094, 1178, 1217]
}
