{
	"infile" :" ../data/20_2500_distances.csv",
	"n_elems" : 2500,
	"n_proc" : 64,
	"k" : 20,
	"n_iter" : 19,
	"time" : 55.9762,
	"times" : [5.32032, 0.159651, 55.8165],
	"result" : [39, 219, 281, 362, 471, 526, 698, 789, 921, 1100, 1253, 1392, 1503, 1715, 1755, 1938, 2055, 2200, 2271, 2451]
}
