{
	"infile" :" ../data/20_2000_distances.csv",
	"n_elems" : 2000,
	"n_proc" : 128,
	"k" : 20,
	"n_iter" : 20,
	"time" : 18.1243,
	"times" : [3.40959, 0.251211, 17.8731],
	"result" : [28, 194, 283, 391, 426, 573, 608, 746, 816, 940, 1093, 1117, 1238, 1390, 1417, 1566, 1655, 1775, 1880, 1976]
}
