{
	"infile" :" ../data/20_2000_distances.csv",
	"n_elems" : 2000,
	"n_proc" : 160,
	"k" : 20,
	"n_iter" : 22,
	"time" : 16.5907,
	"times" : [3.50484, 0.302914, 16.2878],
	"result" : [28, 194, 283, 391, 426, 573, 608, 746, 816, 940, 1093, 1117, 1238, 1390, 1417, 1566, 1655, 1775, 1880, 1976]
}
