{
	"infile" :" ../data/20_2500_distances.csv",
	"n_elems" : 2500,
	"n_proc" : 128,
	"k" : 20,
	"n_iter" : 18,
	"time" : 26.5663,
	"times" : [5.34185, 0.269471, 26.2968],
	"result" : [39, 219, 333, 471, 526, 698, 789, 921, 1100, 1165, 1253, 1392, 1503, 1715, 1755, 1938, 2055, 2200, 2271, 2451]
}
