{
	"infile" :" ../data/20_2750_distances.csv",
	"n_elems" : 2750,
	"n_proc" : 100,
	"k" : 20,
	"n_iter" : 21,
	"time" : 47.9739,
	"times" : [6.74607, 0.229823, 47.7441],
	"result" : [39, 231, 305, 507, 574, 758, 839, 1005, 1196, 1363, 1505, 1525, 1707, 1899, 1927, 2123, 2253, 2411, 2609, 2688]
}
