{
	"infile" :" ../data/20_2500_distances.csv",
	"n_elems" : 2500,
	"n_proc" : 100,
	"k" : 20,
	"n_iter" : 23,
	"time" : 43.5385,
	"times" : [5.56035, 0.217493, 43.321],
	"result" : [39, 219, 281, 362, 471, 526, 698, 789, 921, 1100, 1253, 1392, 1503, 1715, 1755, 1938, 2055, 2200, 2271, 2451]
}
