{
	"infile" :" ../data/20_2000_distances.csv",
	"n_elems" : 2000,
	"n_proc" : 99,
	"k" : 20,
	"n_iter" : 19,
	"time" : 22.0959,
	"times" : [3.61717, 0.198853, 21.897],
	"result" : [28, 194, 391, 426, 573, 608, 746, 816, 945, 997, 1093, 1117, 1238, 1390, 1417, 1566, 1655, 1775, 1880, 1976]
}
