{
	"infile" :" ../data/20_2250_distances.csv",
	"n_elems" : 2250,
	"n_proc" : 448,
	"k" : 20,
	"n_iter" : 23,
	"time" : 10.8094,
	"times" : [4.49231, 0.867954, 9.94147],
	"result" : [28, 206, 436, 474, 633, 680, 830, 996, 1053, 1105, 1123, 1250, 1349, 1560, 1589, 1748, 1853, 1986, 2104, 2213]
}
