{
	"infile" :" ../data/20_2250_distances.csv",
	"n_elems" : 2250,
	"n_proc" : 160,
	"k" : 20,
	"n_iter" : 21,
	"time" : 23.1746,
	"times" : [4.49813, 0.33339, 22.8412],
	"result" : [28, 206, 255, 436, 474, 633, 680, 830, 996, 1117, 1123, 1250, 1349, 1560, 1589, 1748, 1853, 1986, 2104, 2213]
}
