{
	"infile" :" ../data/20_2000_distances.csv",
	"n_elems" : 2000,
	"n_proc" : 50,
	"k" : 20,
	"n_iter" : 20,
	"time" : 45.0755,
	"times" : [3.54123, 0.12342, 44.9521],
	"result" : [28, 194, 391, 426, 573, 608, 746, 816, 945, 997, 1093, 1117, 1238, 1390, 1417, 1566, 1655, 1775, 1880, 1976]
}
