{
	"infile" :" ../data/20_2000_distances.csv",
	"n_elems" : 2000,
	"n_proc" : 48,
	"k" : 20,
	"n_iter" : 18,
	"time" : 41.9169,
	"times" : [3.44145, 0.122082, 41.7948],
	"result" : [28, 194, 391, 426, 573, 608, 746, 816, 945, 997, 1093, 1117, 1238, 1390, 1417, 1566, 1655, 1775, 1880, 1976]
}
