{
	"infile" :" ../data/20_2000_distances.csv",
	"n_elems" : 2000,
	"n_proc" : 64,
	"k" : 20,
	"n_iter" : 16,
	"time" : 28.317,
	"times" : [3.44154, 0.143541, 28.1735],
	"result" : [28, 194, 231, 391, 426, 573, 608, 746, 816, 900, 1093, 1117, 1238, 1390, 1417, 1566, 1655, 1775, 1880, 1976]
}
