{
	"infile" :" ../data/20_2250_distances.csv",
	"n_elems" : 2250,
	"n_proc" : 256,
	"k" : 20,
	"n_iter" : 21,
	"time" : 13.4553,
	"times" : [4.50112, 0.496344, 12.959],
	"result" : [28, 206, 289, 436, 474, 633, 680, 830, 903, 927, 1123, 1250, 1349, 1560, 1589, 1748, 1853, 1986, 2104, 2213]
}
