{
	"infile" :" ../data/20_2500_distances.csv",
	"n_elems" : 2500,
	"n_proc" : 224,
	"k" : 20,
	"n_iter" : 21,
	"time" : 21.451,
	"times" : [5.48161, 0.466472, 20.9845],
	"result" : [39, 219, 281, 362, 471, 526, 698, 789, 921, 1100, 1253, 1392, 1503, 1715, 1755, 1938, 2055, 2200, 2271, 2451]
}
