{
	"infile" :" ../data/20_2750_distances.csv",
	"n_elems" : 2750,
	"n_proc" : 50,
	"k" : 20,
	"n_iter" : 17,
	"time" : 76.9144,
	"times" : [6.64834, 0.158099, 76.7563],
	"result" : [39, 231, 305, 507, 574, 758, 839, 1005, 1196, 1363, 1505, 1525, 1707, 1899, 1927, 2123, 2253, 2411, 2609, 2688]
}
