{
	"infile" :" ../data/20_2250_distances.csv",
	"n_elems" : 2250,
	"n_proc" : 224,
	"k" : 20,
	"n_iter" : 18,
	"time" : 14.8477,
	"times" : [4.49941, 0.449984, 14.3977],
	"result" : [28, 206, 436, 474, 633, 680, 830, 996, 1053, 1105, 1123, 1250, 1349, 1560, 1589, 1748, 1853, 1986, 2104, 2213]
}
