{
	"infile" :" ../data/20_2750_distances.csv",
	"n_elems" : 2750,
	"n_proc" : 99,
	"k" : 20,
	"n_iter" : 25,
	"time" : 57.8377,
	"times" : [6.70713, 0.223734, 57.614],
	"result" : [39, 231, 305, 507, 574, 758, 839, 1005, 1196, 1363, 1505, 1525, 1707, 1899, 1927, 2123, 2253, 2411, 2609, 2688]
}
