{
	"infile" :" ../data/20_2000_distances.csv",
	"n_elems" : 2000,
	"n_proc" : 101,
	"k" : 20,
	"n_iter" : 19,
	"time" : 21.881,
	"times" : [3.54382, 0.201833, 21.6792],
	"result" : [28, 194, 283, 391, 426, 573, 608, 746, 816, 940, 1093, 1117, 1238, 1390, 1417, 1566, 1655, 1775, 1880, 1976]
}
