{
	"infile" :" ../data/20_2250_distances.csv",
	"n_elems" : 2250,
	"n_proc" : 32,
	"k" : 20,
	"n_iter" : 18,
	"time" : 82.4754,
	"times" : [4.46367, 0.121071, 82.3543],
	"result" : [28, 206, 307, 436, 474, 633, 680, 830, 996, 1048, 1123, 1250, 1349, 1560, 1589, 1748, 1853, 1986, 2104, 2213]
}
