{
	"infile" :" ../data/20_2000_distances.csv",
	"n_elems" : 2000,
	"n_proc" : 16,
	"k" : 20,
	"n_iter" : 16,
	"time" : 107.982,
	"times" : [3.41355, 0.114949, 107.867],
	"result" : [28, 194, 283, 391, 426, 573, 608, 746, 816, 940, 1093, 1117, 1238, 1390, 1417, 1566, 1655, 1775, 1880, 1976]
}
