{
	"infile" :" ../data/20_2250_distances.csv",
	"n_elems" : 2250,
	"n_proc" : 99,
	"k" : 20,
	"n_iter" : 19,
	"time" : 29.14,
	"times" : [4.50354, 0.20592, 28.9341],
	"result" : [28, 206, 436, 474, 633, 680, 830, 996, 1053, 1105, 1123, 1250, 1349, 1560, 1589, 1748, 1853, 1986, 2104, 2213]
}
