{
	"infile" :" ../data/20_2000_distances.csv",
	"n_elems" : 2000,
	"n_proc" : 384,
	"k" : 20,
	"n_iter" : 21,
	"time" : 8.69156,
	"times" : [3.54811, 0.739829, 7.95173],
	"result" : [28, 194, 231, 391, 426, 573, 608, 746, 816, 900, 1093, 1117, 1238, 1390, 1417, 1566, 1655, 1775, 1880, 1976]
}
