{
	"infile" :" ../data/20_2000_distances.csv",
	"n_elems" : 2000,
	"n_proc" : 256,
	"k" : 20,
	"n_iter" : 24,
	"time" : 11.87,
	"times" : [3.54686, 0.484377, 11.3857],
	"result" : [28, 194, 391, 426, 573, 608, 746, 816, 945, 997, 1093, 1117, 1238, 1390, 1417, 1566, 1655, 1775, 1880, 1976]
}
