{
	"infile" :" ../data/20_2250_distances.csv",
	"n_elems" : 2250,
	"n_proc" : 512,
	"k" : 20,
	"n_iter" : 20,
	"time" : 9.03865,
	"times" : [4.58599, 0.991857, 8.04679],
	"result" : [28, 206, 255, 436, 474, 633, 680, 830, 996, 1117, 1123, 1250, 1349, 1560, 1589, 1748, 1853, 1986, 2104, 2213]
}
