{
	"infile" :" ../data/20_2250_distances.csv",
	"n_elems" : 2250,
	"n_proc" : 48,
	"k" : 20,
	"n_iter" : 19,
	"time" : 59.25,
	"times" : [4.32444, 0.131094, 59.1189],
	"result" : [28, 206, 307, 436, 474, 633, 680, 830, 996, 1048, 1123, 1250, 1349, 1560, 1589, 1748, 1853, 1986, 2104, 2213]
}
