{
	"infile" :" ../data/20_2250_distances.csv",
	"n_elems" : 2250,
	"n_proc" : 100,
	"k" : 20,
	"n_iter" : 21,
	"time" : 31.8189,
	"times" : [4.53026, 0.20647, 31.6125],
	"result" : [28, 206, 255, 436, 474, 633, 680, 830, 996, 1117, 1123, 1250, 1349, 1560, 1589, 1748, 1853, 1986, 2104, 2213]
}
