{
	"infile" :" ../data/20_2000_distances.csv",
	"n_elems" : 2000,
	"n_proc" : 320,
	"k" : 20,
	"n_iter" : 21,
	"time" : 10.0367,
	"times" : [3.58767, 0.62147, 9.41522],
	"result" : [28, 194, 206, 219, 391, 426, 573, 608, 746, 816, 1093, 1117, 1238, 1390, 1417, 1566, 1655, 1775, 1880, 1976]
}
