{
	"infile" :" ../data/20_2500_distances.csv",
	"n_elems" : 2500,
	"n_proc" : 256,
	"k" : 20,
	"n_iter" : 19,
	"time" : 15.0976,
	"times" : [5.46855, 0.508053, 14.5895],
	"result" : [39, 219, 333, 471, 526, 698, 789, 921, 1100, 1165, 1253, 1392, 1503, 1715, 1755, 1938, 2055, 2200, 2271, 2451]
}
