{
	"infile" :" ../data/20_2000_distances.csv",
	"n_elems" : 2000,
	"n_proc" : 192,
	"k" : 20,
	"n_iter" : 21,
	"time" : 15.0125,
	"times" : [3.55067, 0.378114, 14.6344],
	"result" : [28, 194, 391, 426, 573, 608, 746, 816, 945, 997, 1093, 1117, 1238, 1390, 1417, 1566, 1655, 1775, 1880, 1976]
}
