{
	"infile" :" ../data/20_2500_distances.csv",
	"n_elems" : 2500,
	"n_proc" : 51,
	"k" : 20,
	"n_iter" : 17,
	"time" : 62.0819,
	"times" : [5.54564, 0.143447, 61.9384],
	"result" : [39, 219, 333, 471, 526, 698, 789, 921, 1100, 1165, 1253, 1392, 1503, 1715, 1755, 1938, 2055, 2200, 2271, 2451]
}
