{
	"infile" :" ../data/20_2750_distances.csv",
	"n_elems" : 2750,
	"n_proc" : 384,
	"k" : 20,
	"n_iter" : 22,
	"time" : 16.9114,
	"times" : [6.77821, 0.788198, 16.1232],
	"result" : [39, 231, 305, 507, 574, 758, 839, 1005, 1196, 1363, 1505, 1525, 1707, 1899, 1927, 2123, 2253, 2411, 2609, 2688]
}
