{
	"infile" :" ../data/20_2000_distances.csv",
	"n_elems" : 2000,
	"n_proc" : 8,
	"k" : 20,
	"n_iter" : 10,
	"time" : 136.031,
	"times" : [3.41117, 0.231271, 135.799],
	"result" : [28, 194, 283, 391, 426, 573, 608, 746, 816, 940, 1093, 1117, 1238, 1390, 1417, 1566, 1655, 1775, 1880, 1976]
}
