{
	"infile" :" ../data/20_3250_distances.csv",
	"n_elems" : 3250,
	"n_proc" : 32,
	"k" : 20,
	"n_iter" : 20,
	"time" : 197.837,
	"times" : [8.85001, 0.177081, 197.66],
	"result" : [159, 256, 629, 674, 883, 1093, 1180, 1396, 1507, 1619, 1755, 1800, 1949, 2224, 2355, 2498, 2653, 2893, 3070, 3170]
}
