{
	"infile" :" ../data/20_3000_distances.csv",
	"n_elems" : 3000,
	"n_proc" : 320,
	"k" : 20,
	"n_iter" : 22,
	"time" : 23.9314,
	"times" : [7.88749, 0.689442, 23.2419],
	"result" : [134, 192, 331, 593, 626, 823, 917, 1096, 1300, 1480, 1635, 1667, 1803, 2065, 2183, 2313, 2455, 2682, 2846, 2926]
}
