{
	"infile" :" ../data/20_3000_distances.csv",
	"n_elems" : 3000,
	"n_proc" : 48,
	"k" : 20,
	"n_iter" : 18,
	"time" : 103.598,
	"times" : [7.66588, 0.16626, 103.432],
	"result" : [134, 192, 593, 626, 823, 917, 1096, 1300, 1350, 1399, 1635, 1667, 1803, 2065, 2183, 2313, 2455, 2682, 2846, 2926]
}
