{
	"infile" :" ../data/20_3250_distances.csv",
	"n_elems" : 3250,
	"n_proc" : 160,
	"k" : 20,
	"n_iter" : 22,
	"time" : 53.5873,
	"times" : [9.34267, 0.399777, 53.1875],
	"result" : [159, 256, 629, 674, 883, 1093, 1180, 1396, 1555, 1618, 1755, 1800, 1949, 2224, 2355, 2498, 2653, 2893, 3070, 3170]
}
