{
	"infile" :" ../data/20_3250_distances.csv",
	"n_elems" : 3250,
	"n_proc" : 320,
	"k" : 20,
	"n_iter" : 23,
	"time" : 29.3162,
	"times" : [9.20252, 0.701517, 28.6146],
	"result" : [159, 256, 629, 674, 883, 1093, 1180, 1396, 1555, 1618, 1755, 1800, 1949, 2224, 2355, 2498, 2653, 2893, 3070, 3170]
}
