{
	"infile" :" ../data/20_3000_distances.csv",
	"n_elems" : 3000,
	"n_proc" : 64,
	"k" : 20,
	"n_iter" : 19,
	"time" : 81.5627,
	"times" : [7.69508, 0.186711, 81.376],
	"result" : [134, 192, 593, 626, 823, 917, 1096, 1300, 1390, 1496, 1635, 1667, 1803, 2065, 2183, 2313, 2455, 2682, 2846, 2926]
}
