{
	"infile" :" ../data/20_3000_distances.csv",
	"n_elems" : 3000,
	"n_proc" : 384,
	"k" : 20,
	"n_iter" : 25,
	"time" : 24.5797,
	"times" : [8.00923, 2.25588, 22.3238],
	"result" : [134, 192, 593, 626, 823, 917, 1096, 1300, 1350, 1399, 1635, 1667, 1803, 2065, 2183, 2313, 2455, 2682, 2846, 2926]
}
