{
	"infile" :" ../data/20_3250_distances.csv",
	"n_elems" : 3250,
	"n_proc" : 512,
	"k" : 20,
	"n_iter" : 23,
	"time" : 19.7216,
	"times" : [9.26364, 1.06216, 18.6595],
	"result" : [159, 256, 629, 674, 883, 1093, 1180, 1396, 1498, 1500, 1755, 1800, 1949, 2224, 2355, 2498, 2653, 2893, 3070, 3170]
}
