{
	"infile" :" ../data/20_3000_distances.csv",
	"n_elems" : 3000,
	"n_proc" : 8,
	"k" : 20,
	"n_iter" : 13,
	"time" : 440.494,
	"times" : [7.71685, 0.48544, 440.009],
	"result" : [134, 192, 331, 593, 626, 823, 917, 1096, 1300, 1480, 1635, 1667, 1803, 2065, 2183, 2313, 2455, 2682, 2846, 2926]
}
