{
	"infile" :" ../data/20_3000_distances.csv",
	"n_elems" : 3000,
	"n_proc" : 51,
	"k" : 20,
	"n_iter" : 18,
	"time" : 96.621,
	"times" : [7.91599, 0.167659, 96.4533],
	"result" : [134, 192, 593, 626, 823, 917, 1096, 1300, 1390, 1496, 1635, 1667, 1803, 2065, 2183, 2313, 2455, 2682, 2846, 2926]
}
