{
	"infile" :" ../data/20_3250_distances.csv",
	"n_elems" : 3250,
	"n_proc" : 8,
	"k" : 20,
	"n_iter" : 11,
	"time" : 437.966,
	"times" : [9.02816, 0.559219, 437.407],
	"result" : [159, 256, 629, 674, 883, 1093, 1180, 1396, 1507, 1619, 1755, 1800, 1949, 2224, 2355, 2498, 2653, 2893, 3070, 3170]
}
