{
	"infile" :" ../data/20_3250_distances.csv",
	"n_elems" : 3250,
	"n_proc" : 256,
	"k" : 20,
	"n_iter" : 21,
	"time" : 28.1026,
	"times" : [9.29766, 0.545555, 27.5571],
	"result" : [159, 256, 378, 629, 674, 883, 1093, 1180, 1396, 1610, 1755, 1800, 1949, 2224, 2355, 2498, 2653, 2893, 3070, 3170]
}
