{
	"infile" :" ../data/20_3250_distances.csv",
	"n_elems" : 3250,
	"n_proc" : 99,
	"k" : 20,
	"n_iter" : 24,
	"time" : 78.7091,
	"times" : [9.29343, 0.247094, 78.462],
	"result" : [159, 256, 629, 674, 883, 1093, 1180, 1396, 1507, 1619, 1755, 1800, 1949, 2224, 2355, 2498, 2653, 2893, 3070, 3170]
}
