{
	"infile" :" ../data/20_3250_distances.csv",
	"n_elems" : 3250,
	"n_proc" : 448,
	"k" : 20,
	"n_iter" : 23,
	"time" : 21.8135,
	"times" : [9.26665, 0.942439, 20.871],
	"result" : [159, 256, 629, 674, 883, 1093, 1180, 1396, 1555, 1618, 1755, 1800, 1949, 2224, 2355, 2498, 2653, 2893, 3070, 3170]
}
