{
	"infile" :" ../data/20_3250_distances.csv",
	"n_elems" : 3250,
	"n_proc" : 224,
	"k" : 20,
	"n_iter" : 21,
	"time" : 36.981,
	"times" : [9.34146, 0.525776, 36.4552],
	"result" : [159, 256, 378, 629, 674, 883, 1093, 1180, 1396, 1610, 1755, 1800, 1949, 2224, 2355, 2498, 2653, 2893, 3070, 3170]
}
