{
	"infile" :" ../data/20_3000_distances.csv",
	"n_elems" : 3000,
	"n_proc" : 192,
	"k" : 20,
	"n_iter" : 21,
	"time" : 31.0606,
	"times" : [7.91395, 0.416023, 30.6446],
	"result" : [134, 192, 593, 626, 823, 917, 1096, 1300, 1390, 1496, 1635, 1667, 1803, 2065, 2183, 2313, 2455, 2682, 2846, 2926]
}
