{
	"infile" :" ../data/20_3250_distances.csv",
	"n_elems" : 3250,
	"n_proc" : 64,
	"k" : 20,
	"n_iter" : 23,
	"time" : 114.835,
	"times" : [8.87031, 0.198263, 114.637],
	"result" : [159, 256, 629, 674, 883, 1093, 1180, 1396, 1507, 1619, 1755, 1800, 1949, 2224, 2355, 2498, 2653, 2893, 3070, 3170]
}
