{
	"infile" :" ../data/20_3000_distances.csv",
	"n_elems" : 3000,
	"n_proc" : 32,
	"k" : 20,
	"n_iter" : 17,
	"time" : 144.288,
	"times" : [7.65785, 0.16046, 144.127],
	"result" : [134, 192, 331, 593, 626, 823, 917, 1096, 1300, 1480, 1635, 1667, 1803, 2065, 2183, 2313, 2455, 2682, 2846, 2926]
}
