{
	"infile" :" ../data/20_3000_distances.csv",
	"n_elems" : 3000,
	"n_proc" : 99,
	"k" : 20,
	"n_iter" : 21,
	"time" : 58.7655,
	"times" : [7.96008, 0.23623, 58.5293],
	"result" : [134, 192, 593, 626, 823, 917, 1096, 1300, 1395, 1447, 1635, 1667, 1803, 2065, 2183, 2313, 2455, 2682, 2846, 2926]
}
