{
	"infile" :" ../data/20_1500_distances.csv",
	"n_elems" : 1500,
	"n_proc" : 1,
	"k" : 20,
	"n_iter" : 18,
	"time" : 620.317,
	"times" : [1.95716, 6.57273, 613.745],
	"result" : [28, 117, 156, 211, 288, 326, 448, 458, 571, 616, 754, 842, 903, 1027, 1055, 1191, 1255, 1308, 1371, 1455]
}
