{
	"infile" :" ../data/20_1750_distances.csv",
	"n_elems" : 1750,
	"n_proc" : 300,
	"k" : 20,
	"n_iter" : 24,
	"time" : 8.02197,
	"times" : [2.75132, 0.556828, 7.46514],
	"result" : [28, 129, 210, 237, 324, 374, 508, 530, 655, 712, 874, 975, 1049, 1186, 1227, 1376, 1435, 1561, 1595, 1738]
}
