{
	"infile" :" ../data/20_1500_distances.csv",
	"n_elems" : 1500,
	"n_proc" : 200,
	"k" : 20,
	"n_iter" : 21,
	"time" : 6.94804,
	"times" : [1.98063, 0.336502, 6.61153],
	"result" : [28, 117, 156, 211, 288, 326, 448, 458, 571, 616, 754, 842, 903, 1027, 1055, 1191, 1255, 1308, 1371, 1455]
}
