{
	"infile" :" ../data/20_1500_distances.csv",
	"n_elems" : 1500,
	"n_proc" : 300,
	"k" : 20,
	"n_iter" : 21,
	"time" : 5.28867,
	"times" : [2.03562, 0.495639, 4.79303],
	"result" : [28, 117, 156, 211, 288, 326, 448, 458, 571, 616, 754, 842, 903, 1027, 1055, 1191, 1255, 1308, 1371, 1455]
}
