{
	"infile" :" ../data/20_1000_distances.csv",
	"n_elems" : 1000,
	"n_proc" : 1,
	"k" : 20,
	"n_iter" : 14,
	"time" : 210.704,
	"times" : [0.876857, 2.78533, 207.918],
	"result" : [28, 92, 152, 226, 266, 317, 396, 421, 450, 499, 503, 567, 603, 662, 720, 768, 837, 883, 921, 987]
}
