{
	"infile" :" ../data/20_1000_distances.csv",
	"n_elems" : 1000,
	"n_proc" : 500,
	"k" : 20,
	"n_iter" : 21,
	"time" : 2.77612,
	"times" : [0.885993, 0.810603, 1.96552],
	"result" : [28, 92, 152, 226, 266, 317, 396, 421, 450, 499, 503, 567, 603, 662, 720, 768, 837, 883, 921, 987]
}
