{
	"infile" :" ../data/20_1000_distances.csv",
	"n_elems" : 1000,
	"n_proc" : 600,
	"k" : 20,
	"n_iter" : 23,
	"time" : 3.04104,
	"times" : [0.890841, 0.973682, 2.06736],
	"result" : [28, 92, 152, 226, 266, 317, 396, 421, 450, 499, 503, 567, 603, 662, 720, 768, 837, 883, 921, 987]
}
