{
	"infile" :" ../data/20_1250_distances.csv",
	"n_elems" : 1250,
	"n_proc" : 1,
	"k" : 20,
	"n_iter" : 17,
	"time" : 401.834,
	"times" : [1.36855, 4.41666, 397.418],
	"result" : [28, 104, 188, 274, 327, 389, 480, 517, 558, 607, 624, 700, 749, 861, 892, 940, 1053, 1094, 1178, 1217]
}
