{
	"infile" :" ../data/20_1750_distances.csv",
	"n_elems" : 1750,
	"n_proc" : 1,
	"k" : 20,
	"n_iter" : 17,
	"time" : 797.166,
	"times" : [2.65004, 8.92666, 788.239],
	"result" : [28, 129, 257, 324, 374, 508, 530, 655, 712, 823, 874, 975, 1049, 1186, 1227, 1376, 1435, 1561, 1595, 1738]
}
