{
	"infile" :" ../data/20_1000_distances.csv",
	"n_elems" : 1000,
	"n_proc" : 100,
	"k" : 20,
	"n_iter" : 18,
	"time" : 4.16254,
	"times" : [0.868787, 0.1684, 3.99414],
	"result" : [28, 92, 152, 226, 266, 317, 396, 421, 450, 499, 503, 567, 603, 662, 720, 768, 837, 883, 921, 987]
}
