{
	"infile" :" ../data/20_2750_distances.csv",
	"n_elems" : 2750,
	"n_proc" : 200,
	"k" : 20,
	"n_iter" : 20,
	"time" : 24.028,
	"times" : [6.72433, 0.410818, 23.6172],
	"result" : [39, 231, 357, 507, 574, 758, 839, 1005, 1196, 1273, 1505, 1525, 1707, 1899, 1927, 2123, 2253, 2411, 2609, 2688]
}
