{
	"infile" :" ../data/20_2000_distances.csv",
	"n_elems" : 2000,
	"n_proc" : 200,
	"k" : 20,
	"n_iter" : 18,
	"time" : 10.9987,
	"times" : [3.50599, 0.38093, 10.6178],
	"result" : [28, 194, 391, 426, 573, 608, 746, 816, 945, 997, 1093, 1117, 1238, 1390, 1417, 1566, 1655, 1775, 1880, 1976]
}
