{
	"infile" :" ../data/20_2250_distances.csv",
	"n_elems" : 2250,
	"n_proc" : 200,
	"k" : 20,
	"n_iter" : 23,
	"time" : 18.197,
	"times" : [4.43871, 0.390028, 17.8069],
	"result" : [28, 206, 436, 474, 633, 680, 830, 996, 1053, 1105, 1123, 1250, 1349, 1560, 1589, 1748, 1853, 1986, 2104, 2213]
}
