{
	"infile" :" ../data/20_2000_distances.csv",
	"n_elems" : 2000,
	"n_proc" : 300,
	"k" : 20,
	"n_iter" : 25,
	"time" : 10.9563,
	"times" : [3.54614, 0.569146, 10.3872],
	"result" : [28, 194, 231, 391, 426, 573, 608, 746, 816, 900, 1093, 1117, 1238, 1390, 1417, 1566, 1655, 1775, 1880, 1976]
}
