{
	"infile" :" ../data/20_3000_distances.csv",
	"n_elems" : 3000,
	"n_proc" : 200,
	"k" : 20,
	"n_iter" : 22,
	"time" : 31.397,
	"times" : [7.89632, 0.426144, 30.9709],
	"result" : [134, 192, 593, 626, 823, 917, 1096, 1300, 1395, 1447, 1635, 1667, 1803, 2065, 2183, 2313, 2455, 2682, 2846, 2926]
}
